"Term","Chisq","Df","p_value"
"(Intercept)",4.37419258999148,1,0.036487112741715
"herbivory_trt",7.08942089621269,2,0.0288769826842938
"management_trt",4.80155345356403,3,0.186918611873022
"herbivory_trt:management_trt",5.03155146421032,6,0.53977282487851
