"Term","Chisq","Df","p_value"
"(Intercept)",60.8289918661708,1,6.22543168544775e-15
"herbivory_trt",14.3302117934406,2,0.00077309710468216
"management_trt",18.0586495617936,3,0.000427767057709808
"herbivory_trt:management_trt",14.1967006932465,6,0.0275144472644893
